,raw,cleaned
0,"FACT Network, Atlantic Coast Telemetry (ACT) Network; Southern California Acoustic Telemetry Tracking Network (SCATTN); Wood Hole Group Argos Services Team, participating researchers; Interagency Ocean Observation Committee (IOOC) member agencies; IOOS Program Office; IOOS Regional Associations; other experts","FACT Network, Atlantic Coast Telemetry (ACT) Network; Southern California Acoustic Telemetry Tracking Network (SCATTN); Wood Hole Group Argos Services Team, participating researchers; Interagency Ocean Observation Committee (IOOC) member agencies; IOOS Program Office; IOOS Regional Associations; other experts"
1,International Oceanographic Commission (IOC),International Oceanographic Commission (IOC)
2,National Research Council of Italy; European Research Consortium for Informatics and Mathematics (ERCIM); Engineering Ingegneria Informatica Spa; National and Kapodistrian University of Athens (UOA); The Food and Agriculture Organization of the United Nations (FAO); International Council for the Exploration of the Sea (ICES); Institut de Recherche pour le Dévelopement (IRD); Foundation for Research and Technology Hellas (FORTH); Trust-IT Services LTD; Integrated Information Systems (I2S); Communication & Information Technologies Experts (CITE); Collecte Localisation Satellites (CLS); GRID-Arendal; Pole Mer Bretagne Atlantique,National Research Council of Italy; European Research Consortium for Informatics and Mathematics (ERCIM); Engineering Ingegneria Informatica Spa; National and Kapodistrian University of Athens (UOA); United Nations Food and Agriculture Organization (FAO); International Council for the Exploration of the Sea (ICES); Institut de Recherche pour le Developement (IRD); Foundation for Research and Technology Hellas (FORTH); Trust-IT Services LTD; Integrated Information Systems (I2S); Communication & Information Technologies Experts (CITE); Collecte Localisation Satellites (CLS); GRID-Arendal; Pole Mer Bretagne Atlantique
3,"Windward; Pew Charitable Trusts; Trygg Mat Tracking (TMT); Royal United Services Institute (RUSI); IUU Fishing networks; International Monitoring, Control, and Surveillance (IMCS) Network; Skylight/Allen Institute for AI; Global Fishing Watch","Windward; Pew Charitable Trusts; Trygg Mat Tracking (TMT); Royal United Services Institute (RUSI); IUU Fishing networks; International Monitoring, Control, and Surveillance (IMCS) Network; Skylight/Allen Institute for AI; Global Fishing Watch"
4,Department of National Defence; Defence Research and Development Canada’s Centre for Security Science' Global Affairs Canada; MDA; Forum Fisheries Agency; Ecuadorian Maritime Authority; National Directorate of Aquatic Spaces,Department of National Defence; Defence Research and Development Canada’s Centre for Security Science' Global Affairs Canada; MDA; Pacific Islands Forum Fisheries Agency Regional Fisheries Surveillance CenterÊ; Ecuadorian Maritime Authority; National Directorate of Aquatic Spaces
5,"""Partnerships:' University of Tasmania; FAO Coordinating Working Party on Fisheries Statistics (CWP); Fishery Resources Monitoring System (FIRMS); Scientific Committee on Antarctic Research Marine Biodiversity Information Network (SCAR-MarBIN); Global Database on Vulnerable Marine Ecosystems (FAO initiative) 'Cooperations:' Agreement for the Conservation of Albatrosses and Petrels (ACAP); Commission for the Conservation of Southern Bluefin Tuna (CCSBT); Committee for Environmental Protection (CEP); Convention for the International Trade in Endangered Species (CITES); Permanent Commission for the South Pacific (CPPS); United Nations Food and Agriculture Organisation (FAO); Pacific Islands Forum Fisheries Agency (FFA); Inter-American Tropical Tuna Commission (IATTC); Intergovernmental Oceanographic Commission (IOC); International Union for the Conservation of Nature (IUCN); International Whaling Commission (IWC); Scientific Committee on Antarctic Research (SCAR); Scientific Committee on Oceanic Research (SCOR); South East Atlantic Fisheries Organisation (SEAFO); Secretariat for the Pacific Community (SPC); South Pacific Regional Fisheries Management Organisation (SPRFMO); Southern Indian Ocean Fisheries Agreement (SIOFA) United Nations Environment Programme (UNEP); Western and Central Pacific Fisheries Commission (WCPFC)""",University of Tasmania; FAO Coordinating Working Party on Fisheries Statistics (CWP); Fishery Resources Monitoring System (FIRMS); Scientific Committee on Antarctic Research Marine Biodiversity Information Network (SCAR-MarBIN); Global Database on Vulnerable Marine Ecosystems (FAO initiative); Agreement for the Conservation of Albatrosses and Petrels (ACAP); Commission for the Conservation of Southern Bluefin Tuna (CCSBT); Committee for Environmental Protection (CEP); Convention for the International Trade in Endangered Species (CITES); Permanent Commission for the South Pacific (CPPS); United Nations Food and Agriculture Organization (FAO); Pacific Islands Forum Fisheries Agency (FFA); Inter-American Tropical Tuna Commission (IATTC); Intergovernmental Oceanographic Commission of UNESCO (IOC); the International Union for Conservation of Nature (IUCN); International Whaling Commission (IWC); Scientific Committee on Antarctic Research (SCAR); Scientific Committee on Oceanic Research (SCOR); South East Atlantic Fisheries Organisation (SEAFO); Secretariat for the Pacific Community (SPC); South Pacific Regional Fisheries Management Organisation (SPRFMO); United Nations Environment Programme (UNEP); Western and Central Pacific Fisheries Commission (WCPFC)
6,"Federal Ministry for the Environment, Nature Conservation Building and Nuclear Safety; Japan Biodiversity Fund; United Nations Environment Programme (UNEP); Caribbean Environment Programme; United Nations Environment Programme Northwest Pacific Action Plan (UNEP NOWPAP); Secretariat of the Pacific Regional Environment Programme (SPREP); Comisión Permanente del Pacífico Sur (CPPS); United Nations Educational, Scientific, and Cultural Organization Intergovernmental Oceanographic Commission (UNESCO IOC); BirdLife International; Conservation of Arctic Flora and Fauna (CAFF); Marine Geospatial Ecology Lab-Duke University; Fondation Internationale du Banc d'Arguin (FIBA); Global Ocean Biodiversity Initiative (GOBI); North Pacific Marine Science Organization (PICES)","Federal Ministry for the Environment, Nature Conservation Building and Nuclear Safety; Japan Biodiversity Fund; United Nations Environment Programme (UNEP); Caribbean Environment Programme; United Nations Environment Programme (UNEP); Secretariat of the Pacific Regional Environment Programme (SPREP); Comisión Permanente del Pacífico Sur (CPPS); Intergovernmental Oceanographic Commission of UNESCO (IOC); BirdLife International; Conservation of Arctic Flora and Fauna (CAFF); Marine Geospatial Ecology Lab-Duke University; Fondation Internationale du Banc d'Arguin (FIBA); Global Oceans Biodiversity Initiative (GOBI); North Pacific Marine Science Organization (PICES)"
7,"Nature Conservancy (TNC); National Oceanic and Atmospheric Administration (NOAA); United Nations University, Natural Capital Project; Association of State Floodplain Managers; University of Southern Mississippi; UNited States Geological Survey (USGS); Microsoft; Esri; Azavea; Spatial Development International; Global Disaster Preparedness Center; the International Federation of the Red Cross; ISR","Nature Conservancy (TNC); National Oceanic and Atmospheric Administration (NOAA); United Nations University, Natural Capital Project; Association of State Floodplain Managers; University of Southern Mississippi; UNited States Geological Survey (USGS); Microsoft; Esri; Azavea; Spatial Development International; Global Disaster Preparedness Center; the International Federation of the Red Cross; ISR"
8,Horizon 2020; European Marine Observation and Data Network (EMODNet); EU4OceanObs; the European Space Agency (ESA); the European Organisation for the Exploitation of Meteorological Satellites (EUMETSAT); the European Centre for Medium-Range Weather Forecasts (ECMWF),Horizon 2020; EMODnet; EU4OceanObs; the European Space Agency (ESA); European Organization for the Exploitation of Meteorological Satellites (EUMETSAT); the European Centre for Medium-Range Weather Forecasts (ECMWF)
9,Smithsonian Institution; National Aeronautic and Space Administration (NASA) Ames; the Scripps Institution of Oceanography; the University of California San Diego; the California Academy of Science; Arizona State University; Conservation X Labs; Conservify; Waitt Institute; Smithsonian’s Healthy Reef Initiative.,Smithsonian Institution; National Aeronautic and Space Administration (NASA) Ames; the Scripps Institution of Oceanography; the University of California San Diego; the California Academy of Science; Arizona State University; Conservation X Labs; Conservify; Waitt Institute; Smithsonian’s Healthy Reef Initiative.
10,"United States Agency for International Development (USAID); Coral Triangle Support Partnership (CTSP); The Nature Conservancy (TNC); Coral Triangle Initiative on Coral Reefs, Fisheries and Food Security (CTI-CFF); World Wildlife Fund (WWF); International Union for Conservation of Nature Global Marine Species Assessment (IUCN-GMSA); Wildlife Conservation Society (WCS); WorldFish; ReefBase","United States Agency for International Development (USAID); Coral Triangle Support Partnership (CTSP); The Nature Conservancy (TNC); Coral Triangle Initiative on Coral Reefs, Fisheries and Food Security (CTI-CFF); World Wildlife Fund (WWF); the International Union for Conservation of Nature (IUCN); Wildlife Conservation Society (WCS); WorldFish; ReefBase"
11,CORIOLIS Data Centre (DAC); SeaDataNet; EuroGOOS; MyOcean; COPERNICUS,CORIOLIS Data Centre (DAC); SeaDataNet; EuroGOOS; MyOcean; Copernicus Marine Service
12,"""Advisory Board: OceanSITES; China; Ocean Observatories Initiative (OOI); InterRIDGE; Ocean Networks Canada (ONC); Consortium for Ocean Leadership (COL); Seabed 2030; International Seabed Authority (ISA); International Oceagraphic Data and Information Exchange, Ocean Data and Information System (IODE ODIS); Schmidt Ocean Institute; REV Oceans ""","OceanSITES; China; Ocean Observatories InitiativeÊ- National Science Foundation funded (OOI); InterRIDGE; Ocean Networks Canada (ONC); Consortium for Ocean Leadership (COL); The Nippon Foundation-GEBCO Seabed 2030 Project; International Seabed Authority (ISA); International Oceagraphic Data and Information Exchange, Ocean Data and Information System (IODE ODIS); Schmidt Ocean Institute; REV Oceans"
13,"""Jeff Ardron, Commonwealth Secretariat, UK; Jon Copley, University of Southampton, UK; Judith Gobin University of the West Indies, Trinidad & Tobago; Maila Guilhon, University of Sao Paolo, Brazil; Baban Ingole, National Centre for Polar & Ocean Research, India; Se-Jong Ju, Korean Institute of Ocean Science and Technology, South Korea; Alan Leonardi, National Oceanic and Atmospheric Administration (NOAA) Office of Ocean Exploration & Research, USA; Hannah Lily, Hannah Lily Law, UK; Rose Lesley Kautoke, Government of the Kingdom of Tonga, Tonga; Anna Metaxas, Dalhousie University, Canada; Agnes Muthumbi, University of Nairobi, Kenya; Pei-Yuan Qian, Hong Kong University of Science and Technology, Hong Kong; Eva Ramirez-Llodra, NIVA, Norway & REV Ocean, Norway; Francesca Santoro, UNESCO-IOC, France; Julia Sigwart Queen's University, N. Ireland; Oliver Steeds, Nekton, UK; Torsten Thiele, LSE Institute of Global Affairs, London & Institute for Advanced Sustainability Studies, Germany & Global Ocean Trust founder; Alix Willemez, Global Environment Facility, Côte d'Ivoire ""","Jeff Ardron, Commonwealth Secretariat, UK; Jon Copley, University of Southampton, UK; Judith Gobin University of the West Indies, Trinidad & Tobago; Maila Guilhon, University of Sao Paolo, Brazil; Baban Ingole, National Centre for Polar & Ocean Research, India; Se-Jong Ju, Korean Institute of Ocean Science and Technology, South Korea; Alan Leonardi, National Oceanic and Atmospheric Administration (NOAA) Office of Ocean Exploration & Research, USA; Hannah Lily, Hannah Lily Law, UK; Rose Lesley Kautoke, Government of the Kingdom of Tonga, Tonga; Anna Metaxas, Dalhousie University, Canada; Agnes Muthumbi, University of Nairobi, Kenya; Pei-Yuan Qian, Hong Kong University of Science and Technology, Hong Kong; Eva Ramirez-Llodra, NIVA, Norway & REV Ocean, Norway; Francesca Santoro, UNESCO-IOC, France; Julia Sigwart Queen's University, N. Ireland; Oliver Steeds, Nekton, UK; Torsten Thiele, LSE Institute of Global Affairs, London & Institute for Advanced Sustainability Studies, Germany & Global Ocean Trust founder; Alix Willemez, Global Environment Facility, Côte d'Ivoire"
14,National Oceanography Centre; Mercator Ocean International; Fugro; Integrated Marine Observing System; National Oceans and Coastal Information Management System,National Oceanography Centre; Mercator Ocean International; Fugro; Integrated Marine Observing System; National Oceans and Coastal Information Management System
15,International Science Council World Data System (ISC-WDS); Committee on Earth Observation Satellites (CEOS); CEOS WGISS Integrated Catalog (CWIC); Quality Assurance Framework for Earth Observaiton (QA4EO); United States Group on Earth Observations (USGEO); Earth Science Information Partners (ESIP); Federal Geographic Data Committee (FGDC); International Organization for Standardizaiton (ISO); Open Geospatial Consortium (OGC); Data.Gov; Climate Resiliency Toolkit; National Climate Assessment (NCA); National Oceanic and Atmospheric Administration (NOAA); United States Geological Survey (USGS),International Science Council (ISC); Committee on Earth Observation Satellites (CEOS); CEOS WGISS Integrated Catalog (CWIC); Quality Assurance Framework for Earth Observaiton (QA4EO); United States Group on Earth Observations (USGEO); Earth Science Information Partners (ESIP); Federal Geographic Data Committee (FGDC); International Organization for Standardizaiton (ISO); Open Geospatial Consortium (OGC); Data.Gov; Climate Resiliency Toolkit; National Climate Assessment (NCA); National Oceanic and Atmospheric Administration (NOAA); United States Geological Survey (USGS)
16,Not indicated,Not indicated
17,"Centre for Documentation, Research and Experimentation on Accidental Water Pollution (CEDRE); Istituto Nazionale di Geofisica e Vulcanologia, Sede di Bologna (INGV); Iv.Javakhishvili Tbilisi State University, Centre of Relations with UNESCO Oceanological Research Centre and GeoDNA (UNESCO) (TSU-DNA); A.N.D. International (AND); Albanian Geological Survey (AGS); Alfred Wegener Institute (AWI); Anguilla Community College (ACC); AZTI Tecnalia (AZTI); Balearic Islands Coastal Observing and Forecasting System (SOCIB); Baltic Sea Hydrographic Commission (BSHC); Belgian Marine Data Centre (RBINS-ODNATURE-BMDC); British Geological Survey (BGS); Center for Marine Environmental Sciences (MARUM); Centre for Environment, Fisheries and Aquaculture Science (CEFAS); Centre for Marine Sciences (CCMAR); Centro Tecnológico del Mar (CETMAR); CNR, Institute of Environmental Geology and Geoengineering (IGAG) (CNR-IGAG); COGEA; Conference of Peripheral Maritime Regions (CRPM); Coronis Computing SL (Coronis); Croatian Hydrographic Institute (HHI); CSIC-ICM/Institute of Marine Sciences (CSIC-ICM); Cyprus Geological Survey (GSD); Danish Centre for Environment and Energy (DCE); Danish Geodata Agency - Danish Hydrographic Office (GST); Danish Maritime Authority (DMA); Danube Delta National Institute (DDNI);","Centre for Documentation, Research and Experimentation on Accidental Water Pollution (CEDRE); Istituto Nazionale di Geofisica e Vulcanologia, Sede di Bologna (INGV); Iv.Javakhishvili Tbilisi State University, Centre of Relations with UNESCO Oceanological Research Centre and GeoDNA (UNESCO) (TSU-DNA); A.N.D. International (AND); Albanian Geological Survey (AGS); Alfred Wegener Institute (AWI); Anguilla Community College (ACC); AZTI Tecnalia (AZTI); Balearic Islands Coastal Observing and Forecasting System (SOCIB); Baltic Sea Hydrographic Commission (BSHC); Belgian Marine Data Centre (RBINS-ODNATURE-BMDC); British Geological Survey (BGS); Center for Marine Environmental Sciences (MARUM); Centre for Environment, Fisheries and Aquaculture Science (CEFAS); Centre for Marine Sciences (CCMAR); Centro Tecnológico del Mar (CETMAR); CNR, Institute of Environmental Geology and Geoengineering (IGAG) (CNR-IGAG); COGEA; Conference of Peripheral Maritime Regions (CRPM); Coronis Computing SL (Coronis); Croatian Hydrographic Institute (HHI); CSIC-ICM/Institute of Marine Sciences (CSIC-ICM); Cyprus Geological Survey (GSD); Danish Centre for Environment and Energy (DCE); Danish Geodata Agency - Danish Hydrographic Office (GST); Danish Maritime Authority (DMA); Danube Delta National Institute (DDNI); "
18,Does not explictly state the name of these partners,Not indicated
19,"European Commission; Ministry of Industries and Innovation, Iceland; Ministerio de Agricultura y Pesca, Alimentación y Medio Ambiente, Spain; Ministry for Foreign Affairs, Sweden; National Oceanic and Atmospheric Administration, United States of America; Colombia; Comoros; Ghana; Iceland; Indonesia; Mauritius; Mozambique; Philippines; Seychelles; Spain; Uruguay","European Commission; Ministry of Industries and Innovation, Iceland; Ministerio de Agricultura y Pesca, Alimentación y Medio Ambiente, Spain; Ministry for Foreign Affairs, Sweden; National Oceanic & Atmospheric Administration (NOAA); Colombia; Comoros; Ghana; Iceland; Indonesia; Mauritius; Mozambique; Philippines; Seychelles; Spain; Uruguay"
20,WorldFish; FAO; GEOMAR Helmholtz Centre for Ocean Research Kiel; Global Fisheries Cluster UBC; Museum National d'Histoire Naturelle; Royal Museum for Central Africa Tervuren; Swedish Museum of Natural History; Aristotle University of Thessaloniki; Chinese Academy of Fishery Sciences; Universidade Federal de Sergipe; University of Western Australia,WorldFish; United Nations Food and Agriculture Organization (FAO); GEOMAR Helmholtz Centre for Ocean Research Kiel; Global Fisheries Cluster UBC; Museum National d'Histoire Naturelle; Royal Museum for Central Africa Tervuren; Swedish Museum of Natural History; Aristotle University of Thessaloniki; Chinese Academy of Fishery Sciences; Universidade Federal de Sergipe; University of Western Australia
21,"Potsdam Institute for Climate Impact Research (PIK); the International Institute for Applied Systems Analysis (IIASA); Cynthia Rosenzweig, The Earth Institute at Columbia University, National Aeronautics and Space Administration (NASA) Goddard Institute for Space Studies; Simon Donner, University of British Columbia; Brian O’Neill, Josef Korbel School of International Studies, University of Denver; Yukiko Hirabayashi, Shibaura Institute of Technology; Sonia I. Seneviratne, ETH Zurich; Dr. Philip Ward, Vrije Universiteit Amsterdam; Dr. Shilong Piao, Peking University","Potsdam Institute for Climate Impact Research (PIK); the International Institute for Applied Systems Analysis (IIASA); US National Aeronautics and Space Administration (NASA); Simon Donner, University of British Columbia; Brian O’Neill, Josef Korbel School of International Studies, University of Denver; Yukiko Hirabayashi, Shibaura Institute of Technology; Sonia I. Seneviratne, ETH Zurich; Dr. Philip Ward, Vrije Universiteit Amsterdam; Dr. Shilong Piao, Peking University"
22,"""Commission On The Conservation Of Antarctic Marine Living Resources (CCAMLR); Commission For The Conservation Of Southern Bluefin Tuna (CCSBT); EU Directorate-General Maritime Affairs And Fisheries (DG MARE); Food And Agriculture Organization (FAO) - Fisheries And Aquaculture Division; Fisheries Committee For The West Central Gulf Of Guinea (FCWC); General Fisheries Commission For The Mediterranean (GFCM); Inter-American Tropical Tuna Commission (IATTC); International Commission For The Conservation Of Atlantic Tunas (ICCAT); International Council For The Exploration Of The Sea (ICES); Indian Ocean Tuna Commission (IOTC); Northwest Atlantic Fisheries Organization (NAFO); North Atlantic Salmon Conservation Organization (NASCO); North East Atlantic Fisheries Commission (NEAFC); Southeast Asian Fisheries Development Center (SEAFDEC); Southeast Atlantic Fisheries Organization (SEAFO); South Indian Ocean Fisheries Agreement (SIOFA); South Pacific Regional Fisheries Management Organisation (SPRFMO) """,Commission On The Conservation Of Antarctic Marine Living Resources (CCAMLR); Commission For The Conservation Of Southern Bluefin Tuna (CCSBT); EU Directorate-General Maritime Affairs And Fisheries (DG MARE); Food And Agriculture Organization (FAO) - Fisheries And Aquaculture Division; Fisheries Committee For The West Central Gulf Of Guinea (FCWC); General Fisheries Commission For The Mediterranean (GFCM); Inter-American Tropical Tuna Commission (IATTC); International Commission For The Conservation Of Atlantic Tunas (ICCAT); International Council for the Exploration of the Sea (ICES); Indian Ocean Tuna Commission (IOTC); Northwest Atlantic Fisheries Organization (NAFO); North Atlantic Salmon Conservation Organization (NASCO); North East Atlantic Fisheries Commission (NEAFC); Southeast Asian Fisheries Development Center (SEAFDEC); Southeast Atlantic Fisheries Organization (SEAFO); South Indian Ocean Fisheries Agreement (SIOFA); South Pacific Regional Fisheries Management Organisation (SPRFMO)
23,Comoros; Kenya; Madagascar; Mauritius; Mozambique; Seychelles; Somalia; Tanzania,Comoros; Kenya; Madagascar; Mauritius; Mozambique; Seychelles; Somalia; Tanzania
24,Monterey Bay Aquarium Seafood Watch; University of Washington; BlueBridge,Seafood Watch; University of Washington; BlueBRIDGE
25,"International Coral Reef Initiative (ICRI) Secretariat; United States of America, National Oceanic and Atmospheric Administration; Global Coral Reef Monitoring Network host institution, Australian Institute of Marine Sciences; United Nations Environment Programme; United Nations (UN) Environment Programme World Conservation Monitoring Centre; Global Fund for Coral Reefs; World Resources Institute; Coral Research & Development Accelerator Platform; Wildlife Conservation Society; Global Socioeconomic Monitoring Initiative; France; Maldives; United Kingdom, Joint Nature Conservation Committee; Australia, Great Barrier Reef Marine Park Authority; Western Indian Ocean, Coastal Oceans Research and Development – Indian Ocean (CORDIO) East Africa; Pacific, Secretariat of the Pacific Regional Environment Programme; East Asia; Caribbean, Regional Activity Centre for the Protocol Concerning Specially Protected Areas and Wildlife for the Wider Caribbean Region","International Coral Reef Initiative (ICRI) Secretariat; United States of America, National Oceanic and Atmospheric Administration; Global Coral Reef Monitoring Network host institution, Australian Institute of Marine Sciences; United Nations Environment Programme (UNEP); United Nations (UN) Environment Programme World Conservation Monitoring Centre; Global Fund for Coral Reefs; World Resources Institute; Coral Research & Development Accelerator Platform; Wildlife Conservation Society; Global Socioeconomic Monitoring Initiative; France; Maldives; United Kingdom, Joint Nature Conservation Committee; Australia, Great Barrier Reef Marine Park Authority; Western Indian Ocean, Coastal Oceans Research and Development – Indian Ocean (CORDIO) East Africa; Pacific, Secretariat of the Pacific Regional Environment Programme; East Asia; Caribbean, Regional Activity Centre for the Protocol Concerning Specially Protected Areas and Wildlife for the Wider Caribbean Region"
26,"Oceana; SkyTruth; Google Earth Outreach; Bloomberg Philanthropies; The Waterloo Foundation; Paradise Foundation and Systemiq​; National Geographic Society; Google; University of Wisconsin-Madison; Papua New Guinea; Benin; United States Southern Command; International Monitoring, Control and Surveillance Network; Ocean Data Foundation (ODF); PACÍFICO; Japan Fisheries Research and Education Agency (FRA); Australian National Centre for Ocean Resources and Security (ANCORS); Spire Global Inc.; Bali Seafood International and Pelagic Data Systems; Norway; Canada; United Kingdom; United States; Trace Register; Dalhousie University; The Republic of Indonesia; Joint Analytical Cell; Costa Rican Fisheries and Aquaculture Institute (Incopesca); Brazil Ministry of Agriculture, Livestock and Food Supply; Ecuador National Directorate of Aquatic Spaces (DIRNEA); Belize High Seas Fisheries Unit (BHSFU); Peru; Marine Manager; Human Rights at Sea; Vulcan Inc.; Women in Maritime Africa, South Africa chapter (WIMA-SA); National Taiwan Ocean University; Peru; Chile; United States Coast Guard Research & Development Center (CG RDC);","Oceana; SkyTruth; Google Earth Outreach; Bloomberg Philanthropies; The Waterloo Foundation; Paradise Foundation and Systemiq​; National Geographic Society; Google; University of Wisconsin-Madison; Papua New Guinea; Benin; United States Southern Command; International Monitoring, Control and Surveillance Network; Ocean Data Foundation (ODF); PACÍFICO; Japan Fisheries Research and Education Agency (FRA); Australian National Centre for Ocean Resources and Security (ANCORS); Spire Global Inc.; Bali Seafood International and Pelagic Data Systems; Norway; Canada's Dark Vessel Detection Program; United Kingdom; United States Group on Earth Observations (USGEO); Trace Register; Dalhousie University; The Republic of Indonesia; Joint Analytical Cell; Costa Rican Fisheries and Aquaculture Institute (Incopesca); Brazil Ministry of Agriculture, Livestock and Food Supply; Ecuador National Directorate of Aquatic Spaces (DIRNEA); Belize High Seas Fisheries Unit (BHSFU); Peru; Marine Manager; Human Rights at Sea; Vulcan Inc.; Women in Maritime Africa, South Africa chapter (WIMA-SA); National Taiwan Ocean University; Peru; Chile; United States Coast Guard Research & Development Center (CG RDC); "
27,"""Monterey Bay Aquarium Research Institute; University of Washington; Woods Hole Oceanographic Institution; Scripps Institution of Oceanography; Princeton University; David Karl, University Of Hawaiʻi At Mānoa; John Dunne, National Oceanic And Atmospheric Administration (NOAA); Katja Fennel, Dalhousie University; Corey Garza, California State University, Monterey Bay; Mitch Malone, Texas A&M University; Melissa Omand, University Of Rhode Island; Jaime B Palter, University Of Rhode Island ""","Monterey Bay Aquarium Research Institute; University of Washington; Woods Hole Oceanographic Institution; Scripps Institution of Oceanography (SIO); Princeton University; David Karl, University Of Hawaiʻi At Mānoa; John Dunne, National Oceanic And Atmospheric Administration (NOAA); Katja Fennel, Dalhousie University; Corey Garza, California State University, Monterey Bay; Mitch Malone, Texas A&M University; Melissa Omand, University Of Rhode Island; Jaime B Palter, University Of Rhode Island"
28,Black Sea Global Ocean Observing System (GOOS); EuroGOOS Global Ocean Observing System (GOOS); Global Ocean Observing System (GOOS) Africa; Integrated Marine Observing System (IMOS); IOCARIBE-Global Ocean Observing System (GOOS); GRASP; Indian Ocean Global Ocean Observing System (IOGOOS); Mediterranean Operational Network for the Global Ocean Observing System (MONGOOS); North-East Asian Regional GOOS (NEAR-GOOS); Regional Alliance for the Upper Southwest and Tropical Atlantic (OCEATLAN); Pacific Islands Global Ocean Observing System (PI-GOOS); Southeast Asian Global Ocean Observing System (SEAGOOS); U.S. Integrated Ocean Observing System (IOOS); Southern Ocean Observing System (SOOS); Sustaining Arctic Observing Networks (SAON); Toste Tanhua; Alvaro Scardilli; Anya Waite; Weidong Yu; Wei Peng; Paula Sierra-Correa; Suzan El-Gharabawy; Molly Powers; Pierre Bahurel; Sabrina Speich; Francis Marsac; Véronique Garcon; Balakrishnan Nair; R. Venkatesan; Dwikorita Karnawati; Toshio Suga; Kim Currie; Konstantin Lebedev; Joaquin Tintoré; Katarina Lotta Fyrberg; Elaine McDonagh; John Siddorn; David Legler; Craig McLean; Gabrielle Canonico,Global Ocean Observing System (GOOS); Global Ocean Observing System (GOOS); Global Ocean Observing System (GOOS); Integrated Marine Observing System (IMOS); Global Ocean Observing System (GOOS); GRASP; Global Ocean Observing System; Global Ocean Observing System; North-East Asian Regional GOOS (NEAR-GOOS); Regional Alliance for the Upper Southwest and Tropical Atlantic (OCEATLAN); Global Ocean Observing System (GOOS); Global Ocean Observing System; U.S. Integrated Ocean Observing System (IOOS); Southern Ocean Observing System (SOOS); Sustaining Arctic Observing Networks (SAON); Toste Tanhua; Alvaro Scardilli; Anya Waite; Weidong Yu; Wei Peng; Paula Sierra-Correa; Suzan El-Gharabawy; Molly Powers; Pierre Bahurel; Sabrina Speich; Francis Marsac; Véronique Garcon; Balakrishnan Nair; R. Venkatesan; Dwikorita Karnawati; Toshio Suga; Kim Currie; Konstantin Lebedev; Joaquin Tintoré; Katarina Lotta Fyrberg; Elaine McDonagh; John Siddorn; David Legler; Craig McLean; Gabrielle Canonico
29,"German Federal Agency for Nature Conservation (BfN); the International Union for Conservation of Nature (IUCN); the United Nations Environmental Programme’s World Conservation Monitoring Centre (UNEP-WCMC); the Marine Conservation Biology Institute (MCBI); the Census of Marine Life; the Ocean Biogeographic Information System (OBIS); the Marine Geospatial Ecology Lab of Duke University (MGEL); Convention on Biological Diversity; Seascape consultants; Convention on Migratory Species (CMS); International Union for Conservation of Nature (IUCN); Duke Nicholas School of th Environment; Commonwealth Scientific and Industrial Research Organisation (CSIRO); BirdLife International; Tethys Research Institute; MarViva Foundation; French Biodiversity Agency (OFB); Science and Conservation of Fish Aggregations (SCRFA); United Nations University Institute of Advanced Studies (UNU-IAS); National Institute of Water and Atmospheric Research (NIWA); Smithsonian Conservation Biology Institute; University of California Santa Cruz; University of Hawai'i; World Wildlife Fund (WWF); Sustainable FIsheries Partnership; Senckenberg; South African National Biodiversity Institute (SANBI); Old Dominion University; United Nations Freiburg; James Cook University; Departamento de Oceanografia e Pescas (DOP), Universidade Dos Acores; Food and Agriculture Organization (FAO); International Maritime Organization (IMO); International Seabed Authority; Northeastern University; Whale and Dolphin Conservation; Pacific Marine Analysis and Research Association (Pac MARA); San Fransisco State Estuary and Ocean Science Center; MigraMar; Sargasso Sea Commission; Universidad de Valparaiso Chile; WildOceans; Natural Resources Defense Council (NRDC); University of Aberdeen; Ocean Institute; Apex; Columbia University","German Federal Agency for Nature Conservation (BfN); the International Union for Conservation of Nature (IUCN); the United Nations Environmental Programme’s World Conservation Monitoring Centre (UNEP-WCMC); the Marine Conservation Biology Institute (MCBI); the Census of Marine Life; Ocean Biogeographic Information System (OBIS); the Marine Geospatial Ecology Lab of Duke University (MGEL); Convention on Biological Diversity; Seascape consultants; Convention on Migratory Species (CMS); the International Union for Conservation of Nature (IUCN); Duke Nicholas School of the Environment; Commonwealth Scientific and Industrial Research Organization (CSIRO); BirdLife International; Tethys Research Institute; MarViva Foundation; French Biodiversity Agency (OFB); Science and Conservation of Fish Aggregations (SCRFA); United Nations University Institute of Advanced Studies (UNU-IAS); National Institute of Water and Atmospheric Research (NIWA); Smithsonian Conservation Biology Institute; University of California Santa Cruz; University of Hawai'i; World Wildlife Fund (WWF); Sustainable FIsheries Partnership; Senckenberg; South African National Biodiversity Institute (SANBI); Old Dominion University; United Nations Freiburg; James Cook University; Departamento de Oceanografia e Pescas (DOP), Universidade Dos Acores; United Nations Food and Agriculture Organization (FAO); International Maritime Organization (IMO); International Seabed Authority DeepData Database; Northeastern University; Whale and Dolphin Conservation; Pacific Marine Analysis and Research Association (Pac MARA); San Fransisco State Estuary and Ocean Science Center; MigraMar; Sargasso Sea Commission; Universidad de Valparaiso Chile; WildOceans; Natural Resources Defense Council (NRDC); University of Aberdeen; Korea Institute of Ocean Science and technology (KIOST); Apex; Columbia University"
30,"""Scientific Committee on Oceanic Research (SCOR); North Atlantic Salmon Conservation Organization (NASCO); The United Kingdom of Great Britain and Northern Ireland; European Commission (EC) - DG ENV; European Commission (EC) - DG MARE; Republic of Iceland; North East Atlantic Fisheries Commission (NEAFC); Kingdom of Norway; Secretariat of the Convention on Biological Diversity; World Maritime University (WMU); Mediterranean Science Commission (CIESM); United Nations Education, Scientific, and Cultural Organization – Intergovernmental Oceanographic Commission (UNESCO-IOC); General Fisheries Commission in the Mediterranean (GFCM); The North Atlantic Marine Mammal Commission (NAMMCO); International Arctic Science Committee (IASC); BONUS; National Oceanographic Data Center of the USA (NODC); World Organisation for Animal Health (Oie); The Convention for the Protection of the marine Environment of the North-East Atlantic (OSPAR); Baltic Marine Biologists; The European Environment Agency (EEA); International cooperation in the development and maintenance of the Fisheries Resources Monitoring System (FIRMS); Northwest Atlantic Fisheries Organization (NAFO); The North Pacific Marine Science Organization (PICES); Food and Agriculture Organization of the United Nations (FAO); European Aquaculture Society (EAS); Statistical Office of the European Communities (EUROSTAT); Baltic Marine Environment Protection Commission (HELCOM); Government of Denmark and the Home Governments of the Faroe Islands and of Greenland """,Scientific Committee on Oceanic Research (SCOR); North Atlantic Salmon Conservation Organization (NASCO); The United Kingdom of Great Britain and Northern Ireland; European Commission (EC) - DG ENV; European Commission (EC) - DG MARE; Republic of Iceland; North East Atlantic Fisheries Commission (NEAFC); Kingdom of Norway; Secretariat of the Convention on Biological Diversity; World Maritime University (WMU); Mediterranean Science Commission (CIESM); Intergovernmental Oceanographic Commission of UNESCO (IOC); General Fisheries Commission in the Mediterranean (GFCM); The North Atlantic Marine Mammal Commission (NAMMCO); International Arctic Science Committee (IASC); BONUS; National Oceanographic Data Center of the USA (NODC); World Organisation for Animal Health (Oie); The Convention for the Protection of the marine Environment of the North-East Atlantic (OSPAR); Baltic Marine Biologists; The European Environment Agency (EEA); International cooperation in the development and maintenance of the Fisheries Resources Monitoring System (FIRMS); Northwest Atlantic Fisheries Organization (NAFO); The North Pacific Marine Science Organization (PICES); United Nations Food and Agriculture Organization (FAO); European Aquaculture Society (EAS); Statistical Office of the European Communities (EUROSTAT); Baltic Marine Environment Protection Commission (HELCOM); Government of Denmark and the Home Governments of the Faroe Islands and of Greenland
31,"Food and Agriculture Organization of the United Nations (FAO), Italy's National Research Council (CNR).",United Nations Food and Agriculture Organization (FAO); Italy's National Research Council (CNR)
32,National Oceanic and Atmospheric Administration (NOAA); the National Science Foundation's National Center for Atmospheric Research (NCAR),National Oceanic and Atmospheric Administration (NOAA); the National Science Foundation's National Center for Atmospheric Research (NCAR)
33,University of California Santa Barbara (UCSB); University of Washington (UW); Environmental Defense Fund (EFD),University of California Santa Barbara (UCSB); University of Washington (UW); Environmental Defense Fund (EFD)
34,"Intergovernmental Oceanographic Commission of UNESCO (IOC), the International Ocean Carbon Coordination Project (IOCCP) and the Ocean Carbon and Biogeochemistry Program (OCB), Korea Institute of Ocean Science and Technology, PICES, ICES-CIEM, National Oceanic and Atmospheric Association (NOAA).",Intergovernmental Oceanographic Commission of UNESCO (IOC); the International Ocean Carbon Coordination Project (IOCCP) and the Ocean Carbon and Biogeochemistry Program (OCB); Korea Institute of Ocean Science and technology (KIOST); PICES; ICES-CIEM; National Oceanic and Atmospheric Association (NOAA).
35,"""Includes a weblink to 'list of partners' that lists categories of Memberstates, Scientific Institutions, Civil Society, Business, Foundations. Only one partner is listed, Tara Ocean Foundation. https://ioc.unesco.org/partners IODE is the data collection/management entity/programme of IOC. See IODE for list of Partners.""",Tara Ocean Foundation
36,,Not Indicated
37,"The Lawrence Berkeley National Laboratory (Berkeley Lab), Future 500, Aclima, Federation of American Scientists (FAS), Global Footprint Network (GFN), International Energy Agency (IEA), Met Office Hadley Centre for Climate Science and Services, National Aeronautics and Space Administration (NASA), National Oceanic and Atmospheric Administration (NOAA), U.S. Energy Information Administration (EIA)",US National Aeronautics and Space Administration (NASA)
38,,Not Indicated
39,,Not Indicated
40,"Penguin Watch, Black Bawks data science, The Lynch Lab, Oceanites, C3",Penguin Watch; Black Bawks data science; The Lynch Lab; Oceanites; C3
41,"Wildlife Conservation Society (WCS), World Wildlife Foundation (WWF), Sparkgeo",Wildlife Conservation Society (WCS); World Wildlife Foundation (WWF); Sparkgeo
42,"U.S. Antarctic Program (USAP), the Ridge 2000 and MARGINS programs; Global Multi-Resolution Topography (GMRT) Synthesis, GeoMapApp, the US Antarctic Program Data Center (USAP-DC), and the Rolling Deck to Repository (R2R) Program",U.S. Antarctic Program (USAP); the Ridge 2000 and MARGINS programs; Global Multi-Resolution Topography (GMRT) Synthesis; GeoMapApp; the US Antarctic Program Data Center (USAP-DC); and the Rolling Deck to Repository (R2R) Program
43,"University of South Florida, University of Porto, Hokkaido University, Memorial University of Newfoundland, Nord University, and School of Environment, St. George's University, University of the West Indies, University of the South Pacific, University of Ryukyus, University of Malaya, University of Gothenburg, Tara Oceans Consortium, Universiti Malaysia Terengganu, Universidade Federal do Espirio Santo, Institute of Coastal Research, National University of Ireland Galway (NUI Galway), GEOMAR Helmholtz Centre for Ocean Research Kiel, Global Seaweeds Coastal Futures, Scripps Institution of Oceanography, University of Alabama Huntsville, University of California Merced, Oregon State University, University of Alaska Fairbanks, Monterey Bay Aquarium Research Institute, University of California Santa Barbara, University of Maine, University of Maryland Center for Environmental Science, Northeastern University, Universidad Nacional Autonoma de Mexico, University of Miami, University of Washington, Ocean Carbon & Biogeochemistry (OCB) Project Office Woods Hole Oceanographic Institution, University of Maine, MPI for Marine Microbioligy, Celsiusstr, Senckenberg Research Institute and Natural History Museum, University of Edinburgh, Lehigh University, UNESCO Intergovernmental Oceanographic Commission, UN Environment Programme World Conservation Monitoring Centre (UNEP-WCMC), Global Biodiversity Information Facility (GBIF), GEO Blue Planet Secretariat, Atlantic International Research Centre, Parque de Ciencia e Tecnologia de Ilha Terceira (TERINOV), International Union for Conservation of Nature (IUCN), Migramar, Ocean Data Platform, REV Ocean, Schmidt Ocean Institute, Group on Earth Observations Biodiversity Observation Network (GEO BON), CORDIO East Africa, Fundacion La Salle de Ciencias Naturales de Venezuela (FLASA),",University of South Florida; University of Porto; Hokkaido University; Memorial University of Newfoundland; Nord University; and School of Environment; St. George's University; University of the West Indies; University of the South Pacific; University of Ryukyus; University of Malaya; University of Gothenburg; Tara Oceans Consortium; Universiti Malaysia Terengganu; Universidade Federal do Espirio Santo; Institute of Coastal Research; National University of Ireland Galway (NUI Galway); GEOMAR Helmholtz Centre for Ocean Research Kiel; Global Seaweeds Coastal Futures; Scripps Institution of Oceanography (SIO); University of Alabama Huntsville; University of California Merced; Oregon State University; University of Alaska Fairbanks; Monterey Bay Aquarium Research Institute; University of California Santa Barbara; University of Maine; University of Maryland Center for Environmental Science; Northeastern University; Universidad Nacional Autonoma de Mexico; University of Miami; University of Washington; Ocean Carbon & Biogeochemistry (OCB) Project Office Woods Hole Oceanographic Institution; University of Maine; MPI for Marine Microbioligy; Celsiusstr; Senckenberg Research Institute and Natural History Museum; University of Edinburgh; Lehigh University; Intergovernmental Oceanographic Commission of UNESCO (IOC); UN Environment Programme World Conservation Monitoring Centre (UNEP-WCMC); Global Biodiversity Information Facility (GBIF); GEO Blue Planet Secretariat; Atlantic International Research Centre; Parque de Ciencia e Tecnologia de Ilha Terceira (TERINOV); the International Union for Conservation of Nature (IUCN); Migramar; Ocean Data Platform; REV Ocean; Schmidt Ocean Institute; Group on Earth Observations Biodiversity Observation Network (GEO BON); CORDIO East Africa; Fundacion La Salle de Ciencias Naturales de Venezuela (FLASA); 
44,"Group on Earth Observations, Global Biodiversity Information Facility (GBIF),International Barcode of Life (iBOL), Intergovernmental Platform on Biodiversity and Ecosystem Services (IPBES), European Space Agency (ESA), IUCN, US National Aeronautics and Space Administration (NASA)",United States Group on Earth Observations (USGEO); Global Biodiversity Information Facility (GBIF); International Barcode of Life (iBOL); Intergovernmental Platform on Biodiversity and Ecosystem Services (IPBES); European Space Agency (ESA); the International Union for Conservation of Nature (IUCN); US National Aeronautics and Space Administration (NASA)
45,"MissonBlue, Sea Legacy, Antarctic and Southern Ocean Coalition, WildAid, High Seas Alliance, Oceanic Global, deepsea conservation coalition, Seattle Aquarium, GOBI, Conservation Alliance for Seafood Solutions, Antarctic Ocean Alliance, CARTODB, Conservation International, ESRI, National Geographic, Global Penguin Society, GreenPeace, OCEANA, Ocean Conservancy, PEW Charitable Trusts, MedPan, WWF, Open Channels, The Nature Conservancy, National Marine Protected Areas Center, WCS, Benioff Ocean Initiative, UNEP/WCMC, Bitonga Divers, Blue Prosperity Coalition, ZSL, Earth Law Center, Oneworld Oneocean.com, Canadaian Parks and Wilderness Society- British Columbia Center, Fundacion Rompientes, Global Conservation, IUCN, OceanRevolution, Jnana Foundation, EMAHO films, Linking Tourism and Conservation (LT&C), Pacific Environment, Turtle Island Restoration Network, Heirs to Our Oceans, Blue Sphere Foundation, Global Ocean Trust, Blue Halo Initiative, Global Penguin Society, MARE, Ocean Unite, Sevenseasmedia.org, MarViva, Sinazulnohayverde CLT, SKYTRUTH, sharkstewards.org, WDPA, Sargasso Sea Alliance.",MissonBlue; Sea Legacy; Antarctic and Southern Ocean Coalition; WildAid; High Seas Alliance; Oceanic Global; deepsea conservation coalition; Seattle Aquarium; Global Oceans Biodiversity Initiative (GOBI); Conservation Alliance for Seafood Solutions; Antarctic Ocean Alliance; CARTODB; the International Union for Conservation of Nature (IUCN); ESRI; National Geographic; Global Penguin Society; GreenPeace; OCEANA; Ocean Conservancy; PEW Charitable Trusts; MedPan; WWF DETECT - IT; Open Channels; The Nature Conservancy; National Marine Protected Areas Center; WCS; Benioff Ocean Initiative; UNEP/WCMC; Bitonga Divers; Blue Prosperity Coalition; ZSL; Earth Law Center; Oneworld Oneocean.com; Canadaian Parks and Wilderness Society- British Columbia Center; Fundacion Rompientes; Marine Life 2030: A Global Integrated Marine Biodiversity Information Management and Forecasting System for Sustainable Development and Conservation; the International Union for Conservation of Nature (IUCN); OceanRevolution; Jnana Foundation; EMAHO films; Linking Tourism and Conservation (LT&C); Pacific Environment; Turtle Island Restoration Network; Heirs to Our Oceans; Blue Sphere Foundation; Global Ocean Trust; Blue Halo Initiative; Global Penguin Society; MARE; Ocean Unite; Sevenseasmedia.org; MarViva; Sinazulnohayverde CLT; SKYTRUTH; sharkstewards.org; WDPA; Sargasso Sea Alliance.
46,"ADS Biodiversidad, Parcs Gabon, Archelon, Asociacion Herpeteologica (ES), BiodiversityEast, BirdLife International, Bristol Zoological Society, British Artarctic Survey, Cabo Verse Natura 2000, Cape Eleuthera Institute, Department of Environmenta Cayman Islands Government, Coonamessett Farm Foundation, Deakin University, Dekamer, Drexel University, Duke Nicholas School of the Environment Marine Lab, Ekolojik Arastirmalar Dernegi (Ecological Research Society), Environment and Climate Change Canada, Faculdade de Ciencias de Universidade de Lisboa, Florida Gulf Coast University, Fundacion Oceanografic, Grupo Torotuguero de las Californias, CNRS advancing the frontiers, ISPA Instituto Universitario, Israel Nature and Parks Authority, The Israel Sea Turtle Rescue Center, Lund University, Manga, Marine Research Foundation Sabah, Malaysia, Mediterranean Association to Save the Sea Turtles, NOAA, Partenariat Tortues Marines Gabon, Pro Delphinus Peru, Queen Mary University of London, Red Tortuguera A.C., San Jose State University, Seaturtle.org, SEO Birdlif, Society for the Protection of Turtles, Stazione Zooligica Anton Dohrn Napoli, Swansea University, Projeto Tamar, The Leatherback Trust, Tortugas Marinas de Guinea Ecuatorial, Universidad de las Palmas de Gran Canaria, Universidade de Coimbra, Universitat do Valencia, Univerisita di Pisa, The University of Auckland New Zealand, Univeristy of California Santa Cruz, University of Exeter, Naval Faciilities Engineering Command, Wake Forest University, Wildlife Conservation Society (WCS), WWF",ADS Biodiversidad; Parcs Gabon; Archelon; Asociacion Herpeteologica (ES); BiodiversityEast; BirdLife International; Bristol Zoological Society; British Artarctic Survey; Cabo Verse Natura 2000; Cape Eleuthera Institute; Department of Environmenta Cayman Islands Government; Coonamessett Farm Foundation; Deakin University; Dekamer; Drexel University; Duke Nicholas School of the Environment; Ekolojik Arastirmalar Dernegi (Ecological Research Society); Environment and Climate Change Canada; Faculdade de Ciencias de Universidade de Lisboa; Florida Gulf Coast University; Fundacion Oceanografic; Grupo Torotuguero de las Californias; CNRS advancing the frontiers; ISPA Instituto Universitario; Israel Nature and Parks Authority; The Israel Sea Turtle Rescue Center; Lund University; Manga; Marine Research Foundation Sabah; Malaysia; Mediterranean Association to Save the Sea Turtles; National Oceanographic & Atmospheric Administration (NOAA); Partenariat Tortues Marines Gabon; Pro Delphinus Peru; Queen Mary University of London; Red Tortuguera A.C.; San Jose State University; Seaturtle.org; SEO Birdlif; Society for the Protection of Turtles; Stazione Zooligica Anton Dohrn Napoli; Swansea University; Projeto Tamar; The Leatherback Trust; Tortugas Marinas de Guinea Ecuatorial; Universidad de las Palmas de Gran Canaria; Universidade de Coimbra; Universitat do Valencia; Univerisita di Pisa; The University of Auckland New Zealand; University of California Santa Cruz; University of Exeter; Naval Faciilities Engineering Command; Wake Forest University; Wildlife Conservation Society (WCS); WWF DETECT - IT
47,,Not Indicated
48,,Not Indicated
49,,Not Indicated
50,,Not Indicated
51,"""IOC-UNESCO’s International Oceanographic Data and Information (IODE) programme, Global Biodiversity Information Facility (GBIF) , TDWG DATA QUALITY INTEREST GROUP, GOOS, GEOBON MBON, EurOBIS, OBIS Secretariat, Antarctic OBIS, Ocean Tracking Network (OTN) and the Integrated Marine Observing System (IMOS), Animal Tracking Facility (ATF), Lifewatch Belgium, World Register of Marine Species (WoRMS) have nodes in: Caribbean, Brazil, Sub-Saharan Africa, Senegal, Argentina, Japan, Antartic, Australia, Kenya, Black Sea, Arctic, Malaysia, Canada, UK, China, Eastern South Pacific, Europe, Colombia, USA, India, South Pacific, Persian Gulf and Gulf of Oman, Indonesia, Mediterranean, South-East Asia, South-West Pacific""",IOC-UNESCO’s International Oceanographic Data and Information (IODE) programme; Global Biodiversity Information Facility (GBIF); TDWG DATA QUALITY INTEREST GROUP; Global Ocean Observing System (GOOS); GEOBON MBON; EurOBIS; OBIS Secretariat; Antarctic OBIS; Ocean Tracking Network; Animal Tracking Facility (ATF); Lifewatch Belgium; World Register of Marine Species; Brazil; Sub-Saharan Africa; Senegal; Argentina; Japan; Antartic; Australia; Kenya; Black Sea; Arctic; Malaysia; Canada's Dark Vessel Detection Program; UK; China; Eastern South Pacific; Europe; Colombia; USA; India; South Pacific; Persian Gulf and Gulf of Oman; Indonesia; Mediterranean; South-East Asia; South-West Pacific
52,Proteus,Proteus
53,Accenture; Aker ASA; Aker Biomarine; AkerBP; AkerHorizon; Aker Solutions; BAHR; Cognite; Global Fishing Watch; International Oceanographic Data and Information Exchange (IODE); Mærsk Mc-Kinney Møller Center for Zero Carbon Shipping (MMMCZCS); Mercuria; Microsoft; Confederation for Norwegian Enterprise (NHO); The North Alliance (NoA); Norwegian University of Science and Technology (NTNU); OPS Sjømat; SINTEF Ocean; University of Tromsø (UIT); Vanora; World Economic Forum,Accenture; Aker ASA; Aker Biomarine; AkerBP; AkerHorizon; Aker Solutions; BAHR; Cognite; Global Fishing Watch; UNESCO International Oceanographic Data and Information Exchange (IODE); Mærsk Mc-Kinney Møller Center for Zero Carbon Shipping (MMMCZCS); Mercuria; Microsoft; Confederation for Norwegian Enterprise (NHO); The North Alliance (NoA); Norwegian University of Science and Technology (NTNU); OPS Sjømat; SINTEF Ocean; University of Tromsø (UIT); Vanora; World Economic Forum
54,,Not Indicated
55,,Not Indicated
56,,Not Indicated
57,"Conservation International, Esri, National Center for Ecological Analysis and Synthesis (NCEAS), Sea Around Us, University of British Columbia, University of California at Santa Barbara, Darden Foundation, National Geographic, New England Aquarium, RadicalMedia",the International Union for Conservation of Nature (IUCN); Esri; National Center for Ecological Analysis and Synthesis (NCEAS); Sea Around US; University of British Columbia; University of California at Santa Barbara; Darden Foundation; National Geographic; New England Aquarium; RadicalMedia
58,,Not Indicated
59,Dalhousie University; Nunavut; The Confederacy of Mainland Mi'kmaq;,Dalhousie University; Nunavut; The Confederacy of Mainland Mi'kmaq; 
60,Space Oceanography Laboratory at French Research Institute for Exploitation of the Sea (IFREMER),Space Oceanography Laboratory at French Research Institute for Exploitation of the Sea (IFREMER)
61,Conservation International; Fauna and Flora international; Microsoft; The Royal Thai Government; The Seafood Taskforce; Sainsbury's,the International Union for Conservation of Nature (IUCN); Fauna and Flora international; Microsoft; The Royal Thai Government; The Seafood Taskforce; Sainsbury's
62,Bureau of Meterorology; Centro Euro-Mediterraneo sui Cambiamenti Climatici (CMCC); Centre de National d'Eutes Spatiales (CNES); Canadian Operational Network of Coupled Environmental Prediction Systems (CONCEPTS); Commonwealth Scientific and Industrial Research Organization (CSIRO); European Organization for the Exploitation of Meteorological Satellites (EUMETSAT); European Space Agency (ESA); Korea Hydrographic and Oceanic Society (KHOA); Korea Institute of Ocean Science and Technology (KIOST); French Research Institute for Exploitation of the Sea (Ifremer); Indian National Center for Ocean Information Services (INCOIS); Met Office; Mercator Ocean International; Meteorological Research Institute (MRI); Japan Meteorological Agency (JAM); National Aeronautics and Space Administration (NASA); Nansen Environmental and Remote Sensing Center (NERSC); National Marine Environmental Center of State Oceanic Administration (SOA-NMEFC); National Oceanic and Atmospheric Administration (NOAA); Rede de Mooelagem e Observacao Oceanografica (REMO),Bureau of Meterorology; Centro Euro-Mediterraneo sui Cambiamenti Climatici (CMCC); Centre de National d'Eutes Spatiales (CNES); Canadian Operational Network of Coupled Environmental Prediction Systems (CONCEPTS); Commonwealth Scientific and Industrial Research Organization (CSIRO); European Organization for the Exploitation of Meteorological Satellites (EUMETSAT); European Space Agency (ESA); Korea Hydrographic and Oceanic Society (KHOA); Korea Institute of Ocean Science and technology (KIOST); French Research Institute for Exploitation of the Sea (Ifremer); Indian National Center for Ocean Information Services (INCOIS); Met Office; Mercator Ocean International; Meteorological Research Institute (MRI); Japan Meteorological Agency (JAM); US National Aeronautics and Space Administration (NASA); Nansen Environmental and Remote Sensing Center (NERSC); National Marine Environmental Center of State Oceanic Administration (SOA-NMEFC); National Oceanic and Atmospheric Administration (NOAA); Rede de Mooelagem e Observacao Oceanografica (REMO)
63,"""BERGEN University Of Bergen Geophysical Institute, NO;CCHDO CLIVAR and Carbon Hydographic Office, USA; CDIAC Carbon Dioxide Information Analysis Center, USA; EUROSITES EuroSites project, EU; GEOMAR Helmholtz Centre for Ocean Research Kiel; IMOS Integrated Marine Observing System, AU; INCOIS Indian National Centre for Ocean Information Services; JAMSTEC Japan Agency for Marine-Earth Science and Technology; MBARI Monterey Bay Aquarium Research Institute, USA; MEDS Marine Environmental Data Service, Canada; NDBC National Data Buoy Center, USA; NIOZ Royal Netherlands Institute for Sea Research, NL; NOCS National Oceanography Centre, Southampton UK; PMEL Pacific Marine Environmental Laboratory, USA; SIO Scripps Institution of Oceanography, USA; UH University of Hawaii, USA; WHOI Woods Hole Oceanographic Institution, USA; UNESCO’s Global Ocean Observing System (GOOS); Global Earth Observing System of Systems (GEOSS); Climate Variability and Predictability project (CLIVAR) of the World Climate Research Program (WCRP); Partnership for Observation of the Global Oceans (POGO); Ocean Observations Panel for Climate (OOPC)""","BERGEN University Of Bergen Geophysical Institute, NO; CCHDO CLIVAR and Carbon Hydographic Office, USA; CDIAC Carbon Dioxide Information Analysis Center, USA; EUROSITES EuroSites project, EU; GEOMAR Helmholtz Centre for Ocean Research Kiel; IMOS Integrated Marine Observing System, AU; Indian National Center for Ocean Information Services (INCOIS); JAMSTEC Japan Agency for Marine-Earth Science and Technology; MBARI Monterey Bay Aquarium Research Institute, USA; MEDS Marine Environmental Data Service, Canada; NDBC National Data Buoy Center, USA; NIOZ Royal Netherlands Institute for Sea Research, NL; NOCS National Oceanography Centre, Southampton UK; PMEL Pacific Marine Environmental Laboratory, USA; Scripps Institution of Oceanography (SIO); UH University of Hawaii, USA; WHOI Woods Hole Oceanographic Institution, USA; Global Ocean Observing System (GOOS); Global Earth Observing System of Systems (GEOSS); Climate Variability and Predictability project (CLIVAR) of the World Climate Research Program (WCRP); Partnership for Observation of the Global Oceans (POGO); Ocean Observations Panel for Climate (OOPC)"
64,International Oceanographic Data and Information Exchange Program (IODE); Intergovernmental Oceanographic Commission (IOC); Nairobi Convention; Western Indian Ocean Marine Science Association (WIOMSA); Marine and Coastal Operations for Southern Africa (MarCOSouth); Coastal Oceans Research and Development (CORDIO); United Nations Environment Program (UNEP); Regional Centre for Mapping of Resources for Development; Biodiversity and Protected Areas Management (BIOPAMA),International Oceanographic Data and Information Exchange Program (IODE); Intergovernmental Oceanographic Commission of UNESCO (IOC); Nairobi Convention; Western Indian Ocean Marine Science Association (WIOMSA); Marine and Coastal Operations for Southern Africa (MarCOSouth); Coastal Oceans Research and Development (CORDIO); United Nations Environment Programme (UNEP); Regional Centre for Mapping of Resources for Development; Biodiversity and Protected Areas Management (BIOPAMA)
65,French Research Institute for Exploitation of the Sea (IFREMER); Japan Agency for Marine-Earth Science and Technology (JAMSTEC); European Multidisciplinary Seafloor Observatory (EMSO); Ocean Networks Canada,French Research Institute for Exploitation of the Sea (IFREMER); Japan Agency for Marine-Earth Science and Technology (JAMSTEC); European Multidisciplinary Seafloor Observatory (EMSO); Ocean Networks Canada
66,Woods Hole Oceanographic Institution (WHOI); University of Washington; Oregon State University,Woods Hole Oceanographic Institution (WHOI); University of Washington; Oregon State University
67,CEA Consulting; Center for Biodiversity and Conservation,CEA Consulting; Center for Biodiversity and Conservation
68,Secretariat of the Pacific Community (SPC); Pacific Islands Forum Secretariat (FORSEC); South Pacific Regional Environmental Programme (SPREP); South Pacific Applied Geoscience Commission (SOPAC); Pacific Islands Development Programme (PIDP); South Pacific Tourism Organization (SPTO); University of the South Pacific (USP); Pacific Islands Law Officer Network (PILON); Western and Central Pacific Fisheries Commission (WCPFC); Parties of the Nauru Agreement (PNA); Te Vaka Moana (TVM),Secretariat for the Pacific Community (SPC); Pacific Islands Forum Secretariat (FORSEC); South Pacific Regional Environmental Programme (SPREP); South Pacific Applied Geoscience Commission (SOPAC); Pacific Islands Development Programme (PIDP); South Pacific Tourism Organization (SPTO); University of the South Pacific (USP); Pacific Islands Law Officer Network (PILON); Western and Central Pacific Fisheries Commission (WCPFC); Parties of the Nauru Agreement (PNA); Te Vaka Moana (TVM)
69,International Science Council (ISC); Baseline Surface Radiation Netowrk (BSRN); World Meteorological Organization,International Science Council (ISC); Baseline Surface Radiation Netowrk (BSRN); World Meteorological Organization
70,Satellite Applications Catapult,Satellite Applications Catapult
71,"Australian Institute of Marine Science (AIMS); CSIRO Oceans and Atmosphere (CSIRO); Institute for Marine and Antarctic Studies (IMAS); University of Western Australia Oceans Institute (UWA); Bangladesh; Shahjalal University of Science and Technology (SUST); Belgium; Flanders Marine Institute (VLIZ); Benin; ICMPA-UNESCO Chair (International Chair in Mathematical Physics and Applications (ICMPA) – UNESCO Chair in Mathematical Physics and Applications); Institut de Recherches Halieutiques et Océanologiques du Bénin (IRHOB); Canada; Ocean Frontier Institute (OFI); Ocean Networks Canada (ONC); Cape Verde; Instituto do Mar I. P. (IMar); Chile; COPAS Sur-Austral Center; Department of Oceanography (DOCE), University of Concepción; Millennium Institute of Oceanography (IMO); China; First Institute of Oceanography (FIO), MNC; Institute of Oceanology, Chinese Academy of Sciences (IOCAS); National Ocean Technology Center (NOTC); Qingdao National Laboratory for Marine Science and Technology (QNLM); Second Institute of Oceanography, Ministry of Natural Resources (SIO); South China Sea Institute of Oceanology, Chinese Academy of Sciences (SCSIO); Colombia; Instituto de Investigaciones Marinas y Costeras (INVEMAR); Cote D'ivoire; Centre Universitaire de Recherche et d’Application en Télédétection (CURAT); France; IFREMER (Institut Français de Recherche pour l’Exploitation de la MER); INSU (L’Institut National des Sciences de l’Univers du CNRS); Germany; Alfred-Wegener-Institute (AWI) Helmholtz centre for polar and marine research; GEOMAR Helmholtz Centre for Ocean Research Kiel; Leibniz Centre for Tropical Marine Research (ZMT); Ghana; University of Ghana Department of Marine and Fisheries Sciences (MAFS); India; Indian National Centre for Ocean Information Services (INCOIS); National Institute of Oceanography (NIO); Ireland; Marine Institute; Italy; Euro-Mediterranean Center on Climate Change (CMCC); National Institute of Oceanography and Applied Geophysics – OGS; Japan; Japan Agency for Marine-Earth Science and Technology (JAMSTEC); Malaysia; Centre for Marine and Coastal Studies (CEMACS); Mexico; Oceanology Division of The Center for Scientific Research and Higher Education at Ensenada (CICESE); Morocco; Institut National de Recherche Halieutique (INRH); Netherlands; Royal Netherlands Institute for Sea Research (NIOZ); Nigeria; Department of Marine Sciences, University of Lagos (UNILAG); Nigerian Institute for Oceanography & Marine Research (NIOMR); University of Calabar, Faculty of Oceanography (UNICAL); Norway; Norwegian Polar Institute (NPI); Portugal; University of Algarve (UAlg); South Korea; Korea Institute of Ocean Science and Technology (KIOST); Spain; Instituto Español de Oceanografía (IEO); United Kingdom; British Antarctic Survey (BAS); Marine Biological Association (MBA); National Oceanography Centre (NOC); Plymouth Marine Laboratory (PML); Scottish Association for Marine Science (SAMS); United States; Geochemical and Environmental Research Group (GERG) Texas A&M University; Monterey Bay Aquarium Research Institute (MBARI); National Oceanic and Atmospheric Administration (NOAA); Rutgers, The State University of New Jersey; Scripps Institution of Oceanography (SIO); Woods Hole Oceanographic Institution (WHOI); GEO Group on Earth Observations; GEO Blue Planet; Global Earth Observing System (GOOD); Intergovernmental Oceanographic Commission (IOC); Scientific Committee on Oceanic Research (SCOR)","Australian Institute of Marine Science (AIMS); CSIRO Oceans and Atmosphere (CSIRO); Institute for Marine and Antarctic Studies (IMAS); University of Western Australia Oceans Institute (UWA); Bangladesh; Shahjalal University of Science and Technology (SUST); Belgium; Flanders Marine Institute (VLIZ); Benin; ICMPA-UNESCO Chair (International Chair in Mathematical Physics and Applications (ICMPA) – UNESCO Chair in Mathematical Physics and Applications); Institut de Recherches Halieutiques et Océanologiques du Bénin (IRHOB); Canada's Dark Vessel Detection Program; Ocean Frontier Institute (OFI); Ocean Networks Canada (ONC); Cape Verde; Instituto do Mar I. P. (IMar); Chile; COPAS Sur-Austral Center; Department of Oceanography (DOCE), University of Concepción; Millennium Institute of Oceanography (IMO); China; First Institute of Oceanography (FIO), MNC; Institute of Oceanology, Chinese Academy of Sciences (IOCAS); National Ocean Technology Center (NOTC); Qingdao National Laboratory for Marine Science and Technology (QNLM); Second Institute of Oceanography, Ministry of Natural Resources (SIO); South China Sea Institute of Oceanology, Chinese Academy of Sciences (SCSIO); Colombia; Instituto de Investigaciones Marinas y Costeras (INVEMAR); Cote D'ivoire; Centre Universitaire de Recherche et d’Application en Télédétection (CURAT); France; IFREMER (Institut Français de Recherche pour l’Exploitation de la MER); INSU (L’Institut National des Sciences de l’Univers du CNRS); Germany; Alfred-Wegener-Institute (AWI) Helmholtz centre for polar and marine research; GEOMAR Helmholtz Centre for Ocean Research Kiel; Leibniz Centre for Tropical Marine Research (ZMT); Ghana; University of Ghana Department of Marine and Fisheries Sciences (MAFS); India; Indian National Center for Ocean Information Services (INCOIS); National Institute of Oceanography (NIO); Ireland; Marine Institute; Italy's National Research Council (CNR); Euro-Mediterranean Center on Climate Change (CMCC); National Institute of Oceanography and Applied Geophysics – OGS; Japan; Japan Agency for Marine-Earth Science and Technology (JAMSTEC); Malaysia; Centre for Marine and Coastal Studies (CEMACS); Mexico; Oceanology Division of The Center for Scientific Research and Higher Education at Ensenada (CICESE); Morocco; Institut National de Recherche Halieutique (INRH); Netherlands; Royal Netherlands Institute for Sea Research (NIOZ); Nigeria; Department of Marine Sciences, University of Lagos (UNILAG); Nigerian Institute for Oceanography & Marine Research (NIOMR); University of Calabar, Faculty of Oceanography (UNICAL); Norway; Norwegian Polar Institute (NPI); Portugal; University of Algarve (UAlg); South Korea; Korea Institute of Ocean Science and technology (KIOST); Spain; Instituto Español de Oceanografía (IEO); United Kingdom; British Antarctic Survey (BAS); Marine Biological Association (MBA); National Oceanography Centre (NOC); Plymouth Marine Laboratory (PML); Scottish Association for Marine Science (SAMS); United States Group on Earth Observations (USGEO); Geochemical and Environmental Research Group (GERG) Texas A&M University; Monterey Bay Aquarium Research Institute (MBARI); National Oceanic and Atmospheric Administration (NOAA); Rutgers, The State University of New Jersey; Scripps Institution of Oceanography (SIO); Woods Hole Oceanographic Institution (WHOI); Marine Observing Network for the Group on Earth Observations - Biodiversity Observing Networks (GEO-BON); GEO Blue Planet; Global Earth Observing System (GOOD); Intergovernmental Oceanographic Commission of UNESCO (IOC); Scientific Committee on Oceanic Research (SCOR)"
72,Census of Marine Life; Canadian Foundation for Innovation; National Center for Ecological ANalysis and Synthesis (NCEAS); National Sciences and Engineering Research Council of Canada (NSERC); Smith Conservation Research Fellowship; National Science Foundation,Census of Marine Life; Canadian Foundation for Innovation; National Center for Ecological ANalysis and Synthesis (NCEAS); National Sciences and Engineering Research Council of Canada (NSERC); Smith Conservation Research Fellowship; National Science Foundation (NSF)
73,"Agence pour la Recherche et la Valorisation Marines; Atlantic and Gulf Rapid Reef Assessment; Australian Institute of Marine Science; Caribbean Coastal Marine Productivity Program; Centre de Recherches Insulaires et Observatoire de l'Environnement (CRIOBE-EPHE); Climate Change, Agriculture and Food Security; Conservation International; Coordinating Body on the Seas of East Asia; Coral Cay Conservation; Coral Reef Degradation in the Indian Ocean; Coral Reef Initiative for the South Pacific; Demis; FishBase; Global Coral Reef Monitoring Network; Global Vision International; Institute de Recherche pour le developpement; Institute for Marine Remote Sensing; Institute of Marine Resources; International Coral Reef Action Network; International Coral Reef Initiative; International Society for Reef Studies; International Waters Learning Exchange and Resource Network (IW:LEARN); International Year of the Reef; Japan Wildlife Research Center; Locally Managed Marine Area Network; MPA Global; NASA; National Oceanic & Atmospheric Administration (NOAA); Reef Check; Reef Relief; Secretariat of the Pacific Community; South Pacific Regional Environment Program; The Nature Conservancy; The WorldFish Center; United Nations Environment Programme; World Conservation Monitoring Centre; World Resources Institute; World Wildlife Fund","Agence pour la Recherche et la Valorisation Marines; Atlantic and Gulf Rapid Reef Assessment; Australian Institute of Marine Science; Caribbean Coastal Marine Productivity Program; Centre de Recherches Insulaires et Observatoire de l'Environnement (CRIOBE-EPHE); Climate Change, Agriculture and Food Security; the International Union for Conservation of Nature (IUCN); Coordinating Body on the Seas of East Asia; Coral Cay Conservation; Coral Reef Degradation in the Indian Ocean; Coral Reef Initiative for the South Pacific; Demis; FishBase; Global Coral Reef Monitoring Network - International Coral Reef Initiative; Global Vision International; Institute de Recherche pour le developpement; Institute for Marine Remote Sensing; Institute of Marine Resources; International Coral Reef Action Network; Global Coral Reef Monitoring Network - International Coral Reef Initiative; International Society for Reef Studies; International Waters Learning Exchange and Resource Network (IW:LEARN); International Year of the Reef; Japan Wildlife Research Center; Locally Managed Marine Area Network; MPA Global; US National Aeronautics and Space Administration (NASA); National Oceanic & Atmospheric Administration (NOAA); Reef Check; Reef Relief; Secretariat for the Pacific Community (SPC); South Pacific Regional Environment Program; The Nature Conservancy; The WorldFish Center; United Nations Environment Programme (UNEP); UNEP World Conservation Monitoring Centre Ocean Data Viewer; World Resources Institute; World Wildlife Fund"
74,University of Western Australia; FishBase & SeaLifeBase; The Pew Charitable Trusts; Paul M. Angell Family Foundation; Global Greengrants Fund; Vulcan Inc.; Fisheries Economics Research Unit; Changing Ocean Research Unit; The MAVA Foundation; The Oak Foundation; NEREUS; National Geographic; Convention on Biological Diversity; Baltic 2020; Global Aquaculture Performance Index; Oceana,University of Western Australia; FishBase; The Pew Charitable Trusts; Paul M. Angell Family Foundation; Global Greengrants Fund; Vulcan Inc.; Fisheries Economics Research Unit; Changing Ocean Research Unit; The MAVA Foundation; The Oak Foundation; NEREUS; National Geographic; Convention on Biological Diversity; Baltic 2020; Global Aquaculture Performance Index; Oceana
75,"Global Ocean Biodiversity Initiative; Federal Ministry for the Environment, Nature Conservation, Building and Nuclear Safety; Darwin Initiative, European Commission, Birdfair; Cambrdige Conservation Initiative; MAVA Fondation Pour la Nature; Royal Society for the Protection of Birds; Pew Charitable Trusts; 4ocean","Global Ocean Biodiversity Initiative; Federal Ministry for the Environment, Nature Conservation, Building and Nuclear Safety; Darwin Initiative, European Commission, Birdfair; Cambrdige Conservation Initiative; MAVA Fondation Pour la Nature; Royal Society for the Protection of Birds; Pew Charitable Trusts; 4ocean"
76,"French Research Institute for Exploitation of the Sea (IFREMER); Marine Information Service (MARIS); British Oceanographic Data Centre (BODC); Bundesamt fur Seeschiffart und Hydrographie (BSH); Swedish Meteorological and Hydrological Institute (SMHI); Spanish Oceanograhpic Institute (IEO); Hellenic Centre for Marine Research, Institute of Oceanography (HCMR/IO); National Institute of Oceanography and Applied Geophysics (OGS); All-Russia Research Institute of Hydrometeorological Information - World Data Center (RIHMI-WDC); National Agency for New Technologies, Energy and Sustainable Economic Development (ENEA); National Institute of Geophysics and Volcanology (INGV); Middle East Technical University Institute of Marine Sciences (METU-IMS); Alfred-Wegener-Institute for Polar- and Marine Research; University of Liege; Institute of Marine Research; Aarhus University; International Council for Exploraiton of the Sea (ICES); Institute for Environmenta nad Sustainability (IES); Marine Institute (MI); International Hydrographic Organization (IHO); Royal Netherlands Institute for Sea Research (NIOZ); Royal Belgian Institute of National Sciences (RBINS); Flanders Marine Institute (VLIZ); Marine and Freshwater Research Institute (MFRI); Finnish Meteorological Institute (FMI); Institute of Meteorology and Water Management (IMGW); Marine Systems Institute (MSI); Latvian Institute of Aquatic Ecology (LHEI); Shirshov Institute of Oceanology of Russian Academy of Sciences (SIO-RAS); Institute of Oceanology of Bulgarian Academy of Sciences (IO-BAS); National Institute for Marine Research and Development (NIMRD); Georgian Designated National Agency (GeoDNA); Institute of Oceanography and Fisheries (IOF); National Institute of Biology (NIB); International Ocean Institute - Malta Operational Centre at University Of Malta; Israel Oceanographic and Liminological Research Institute (IOLR); CNR, Consiglio Nazionale delle Ricerche- Istituto per lo Studio del MARe (CNR); Institute of Oceanology, Polish Academy of Sciences (IO-PAN); Spanish National Research Council (CSIC); Deltares; Finnish Environmental Institute (SKYE); Ukranian Scientific Center for Ecology of the Sea (UkrSCES); ETT Solutions; Intergovernmental Oceanographic Commission of UNESCO (IOC GOOS); German Climate Computing Center (DKRZ); Cineca; CSC - IT Center for Science; Science and Technology Facilities Council (STFC); Greek Research and Technology Network (GRNET); University of Bergen (UiB); Helmholtz Centre for Ocean Research Kiel (GEOMAR); 52°North Initiative for Geospatial Open Source Software GmbH; Shom; ORION Joint Research and Development Center; Mediterranean Institute of Oceanography; Oceanic and Continental Environments and Paleoenvironments (EPOC); University of Bologna, Environmental Science Laboratory","French Research Institute for Exploitation of the Sea (IFREMER); Marine Information Service (MARIS); British Oceanographic Data Centre (BODC); Bundesamt fur Seeschiffart und Hydrographie (BSH); Swedish Meteorological and Hydrological Institute (SMHI); Spanish Oceanograhpic Institute (IEO); Hellenic Centre for Marine Research, Institute of Oceanography (HCMR/IO); National Institute of Oceanography and Applied Geophysics (OGS); All-Russia Research Institute of Hydrometeorological Information - World Data Center (RIHMI-WDC); National Agency for New Technologies, Energy and Sustainable Economic Development (ENEA); National Institute of Geophysics and Volcanology (INGV); Middle East Technical University Institute of Marine Sciences (METU-IMS); Alfred-Wegener-Institute for Polar- and Marine Research; University of Liege; Institute of Marine Research; Aarhus University; International Council for the Exploration of the Sea (ICES); Institute for Environmenta nad Sustainability (IES); Marine Institute (MI); International Hydrographic Organization (IHO); Royal Netherlands Institute for Sea Research (NIOZ); Royal Belgian Institute of National Sciences (RBINS); Flanders Marine Institute (VLIZ); Marine and Freshwater Research Institute (MFRI); Finnish Meteorological Institute (FMI); Institute of Meteorology and Water Management (IMGW); Marine Systems Institute (MSI); Latvian Institute of Aquatic Ecology (LHEI); Shirshov Institute of Oceanology of Russian Academy of Sciences (SIO-RAS); Institute of Oceanology of Bulgarian Academy of Sciences (IO-BAS); National Institute for Marine Research and Development (NIMRD); Georgian Designated National Agency (GeoDNA); Institute of Oceanography and Fisheries (IOF); National Institute of Biology (NIB); International Ocean Institute - Malta Operational Centre at University Of Malta; Israel Oceanographic and Liminological Research Institute (IOLR); CNR, Consiglio Nazionale delle Ricerche- Istituto per lo Studio del MARe (CNR); Institute of Oceanology, Polish Academy of Sciences (IO-PAN); Spanish National Research Council (CSIC); Deltares; Finnish Environmental Institute (SKYE); Ukranian Scientific Center for Ecology of the Sea (UkrSCES); ETT Solutions; Intergovernmental Oceanographic Commission of UNESCO (IOC); German Climate Computing Center (DKRZ); Cineca; CSC - IT Center for Science; Science and Technology Facilities Council (STFC); Greek Research and Technology Network (GRNET); University of Bergen (UiB); Helmholtz Centre for Ocean Research Kiel (GEOMAR); 52°North Initiative for Geospatial Open Source Software GmbH; Shom; ORION Joint Research and Development Center; Mediterranean Institute of Oceanography; Oceanic and Continental Environments and Paleoenvironments (EPOC); University of Bologna, Environmental Science Laboratory"
77,"""United States Agency for International Development (USAID); The David and Lucile Packard Foundation; Gordon and Betty Moore Foundation; Walton Family Foundation; FishWise Advisory Committee: USAID; Walton Family Foundation; The David and Lucile Packard Foundation; Gordon and Betty Moore Foundation; Center for Strategic International Studies (CSIS); Department of Labor in the International Labor Affairs Bureau; Environmental Justice Foundation (EJF); Embassy of Japan; Fisheries Transparency Initiative (FiTI); Francisco Blaha, Independent Expert; Future of Fish; Global Tuna Alliance; Iberostar; Marine Stewardship Council (MSC); National Oceanic and Atmospheric Administration (NOAA); Philippines Bureau of Fisheries and Aquatic Resources; Richard Stavis, Independent Expert; United States Department of State; Virgil Group; World Benchmarking Alliance (WBA); World Wide Fund for Nature (WWF)""","United States Agency for International Development (USAID); The David and Lucile Packard Foundation; Gordon and Betty Moore Foundation; Walton Family Foundation; FishWise Advisory Committee: USAID; Walton Family Foundation; The David and Lucile Packard Foundation; Gordon and Betty Moore Foundation; Center for Strategic International Studies (CSIS); Department of Labor in the International Labor Affairs Bureau; Environmental Justice Foundation (EJF); Embassy of Japan; Fisheries Transparency Initiative (FiTI); Francisco Blaha, Independent Expert; Future of Fish; Global Tuna Alliance; Iberostar; Marine Stewardship Council (MSC); National Oceanic and Atmospheric Administration (NOAA); Philippines Bureau of Fisheries and Aquatic Resources; Richard Stavis, Independent Expert; United States Department of State; Virgil Group; World Benchmarking Alliance (WBA); World Wide Fund for Nature (WWF)"
78,Conservation Alliance for Seafood Solutions; Global Seafood Ratings Alliance; Certification & Ratings Collaboration,Conservation Alliance for Seafood Solutions; Global Seafood Ratings Alliance; Certification & Ratings Collaboration
79,Battlespace Awareness and Information Operations; US Department of Transportation (USDOT); US Fleet Forces Command; Naval Information Warfare Center (NWIC); National Oceanographic and Atmospheric Administration (NOAA); Department of Homeland Security (DHS); Association of Southeast Asian Nations (ASEAN); Naval Cooperation and Guidance for Shipping (NCAGS),Battlespace Awareness and Information Operations; US Department of Transportation (USDOT); US Fleet Forces Command; Naval Information Warfare Center (NWIC); National Oceanographic & Atmospheric Administration (NOAA); Department of Homeland Security (DHS); Association of Southeast Asian Nations (ASEAN); Naval Cooperation and Guidance for Shipping (NCAGS)
80,National Geographic,National Geographic
81,"""Oceanic Society; OBIS-Sea Map at Duke University; IUCN-SSC Marine Turtle Specialist Group """,Oceanic Society; OBIS-Sea Map at Duke University; IUCN-SSC Marine Turtle Specialist Group
82,"OCEAN DECADE PARTNERS: Norway; Sweden; Korea Institute of Ocean Science and technology (KIOST); Ministry of Education, Culture, Sports, Science and Technology (MEXT); Portugal; REV Ocean; Panerai; Fugro; Fisheries and Oceans Canada (DFO)","Norway; Sweden; Korea Institute of Ocean Science and technology (KIOST); Ministry of Education, Culture, Sports, Science and Technology (MEXT); Portugal; REV Ocean; Panerai; Fugro; Fisheries and Oceans Canada (DFO)"
83,None indicated,Not indicated
84,The Smithsonian; National Science Foundation (NSF); Stanford University; Adobe; Meridian Treehouse,The Smithsonian; National Science Foundation (NSF); Stanford University; Adobe; Meridian Treehouse
85,General Bathymetric Chart of the Oceans (GEBCO); International Hydrographic Association (IHO); UNESCO Intergovernmental Oceanographic Commission,General Bathymetric Chart of the Oceans (GEBCO); International Hydrographic Association (IHO); Intergovernmental Oceanographic Commission of UNESCO (IOC)
86,World Wildlife Fund (WWF); Promoting Nutritious: Food Systems in the Pacific Islands; Pacific Community; SeaLand Processors; Technical Centre for Agricultural and Rural Cooperation (CTA); Pacific Connect; Solander; United States Embassy; SeedStars,World Wildlife Fund (WWF); Promoting Nutritious: Food Systems in the Pacific Islands; Secretariat for the Pacific Community (SPC); SeaLand Processors; Technical Centre for Agricultural and Rural Cooperation (CTA); Pacific Connect; Solander; United States Embassy; SeedStars
87,Ocean+,Indian National Center for Ocean Information Services (INCOIS)
88,International Association of Aquatic and Marine Science Libraries and Information Centers (IAMSLIC); International Council for Science (ICSU); Scientific Community on Oceanic Research (SCOR); Harmful Algal Bloom Program (HAB); Research Data Alliance (RDA); World Meteorological Organization (WMO),International Association of Aquatic and Marine Science Libraries and Information Centers (IAMSLIC); International Council for Science (ICSU); Scientific Community on Oceanic Research (SCOR); Harmful Algal Bloom Program (HAB); Research Data Alliance (RDA); World Meteorological Organization (WMO)
89,National Oceanic and Atmospheric Administration (NOAA) National Centers for Environmental Information; World Ocean Database,National Oceanic and Atmospheric Administration (NOAA) National Centers for Environmental Information; World Ocean Database - NOAA National Centers for Environmental Information
90,National Oceanic and Atmospheric Administration (NOAA) Centers for Environmental Information; World Ocean Atlas,National Oceanic and Atmospheric Administration (NOAA) Centers for Environmental Information; World Ocean Atlas
91,Global Biodiversity Information Facility (GBIF); European Ocean Biodiversity System (EurOBIS); Ocean Biodiversity System (OBIS); European Marine Observation and Data Network (EMODnet),Global Biodiversity Information Facility (GBIF); European Ocean Biodiversity System (EurOBIS); Ocean Biodiversity System (OBIS); EMODnet
92,Hewlett-Packard Enterprises (HP),Hewlett-Packard Enterprises (HP)
